[
    {
        "english_word": "cat",
        "arabic_word": "قطة",
        "parts": ["animal", "pet", "singular: قطة", "plural: قطط"]
    },
    {
        "english_word": "dog",
        "arabic_word": "كلب",
        "parts": ["animal", "pet", "singular: كلب", "plural: كلاب"]
    },
    {
        "english_word": "bird",
        "arabic_word": "طائر",
        "parts": ["animal", "flying", "singular: طائر", "plural: طيور"]
    },
    {
        "english_word": "fish",
        "arabic_word": "سمكة",
        "parts": ["animal", "water", "singular: سمكة", "plural: أسماك"]
    },
    {
        "english_word": "lion",
        "arabic_word": "أسد",
        "parts": ["animal", "wild", "singular: أسد", "plural: أسود"]
    }
]
