[
    {
        "english_word": "apple",
        "arabic_word": "تفاحة",
        "parts": ["fruit", "food", "singular: تفاحة", "plural: تفاحات"]
    },
    {
        "english_word": "water",
        "arabic_word": "ماء",
        "parts": ["liquid", "drink", "singular: ماء", "plural: مياه"]
    },
    {
        "english_word": "book",
        "arabic_word": "كتاب",
        "parts": ["object", "education", "singular: كتاب", "plural: كتب"]
    },
    {
        "english_word": "house",
        "arabic_word": "بيت",
        "parts": ["building", "home", "singular: بيت", "plural: بيوت"]
    },
    {
        "english_word": "door",
        "arabic_word": "باب",
        "parts": ["object", "building", "singular: باب", "plural: أبواب"]
    }
]