[
    {
        "english_word": "bread",
        "arabic_word": "خبز",
        "parts": ["food", "staple", "singular: خبز", "plural: خبزات"]
    },
    {
        "english_word": "rice",
        "arabic_word": "أرز",
        "parts": ["food", "grain", "singular: أرز", "plural: أرزات"]
    },
    {
        "english_word": "meat",
        "arabic_word": "لحم",
        "parts": ["food", "protein", "singular: لحم", "plural: لحوم"]
    },
    {
        "english_word": "vegetable",
        "arabic_word": "خضار",
        "parts": ["food", "plant", "singular: خضار", "plural: خضروات"]
    },
    {
        "english_word": "fruit",
        "arabic_word": "فاكهة",
        "parts": ["food", "sweet", "singular: فاكهة", "plural: فواكه"]
    }
]
